{
    "name": "root",
    "metadata": {
        "timer_format_version": "0.1.0",
        "start_time_seconds": "1746873583",
        "python_version": "3.10.12 | packaged by Anaconda, Inc. | (main, Jul  5 2023, 19:01:18) [MSC v.1916 64 bit (AMD64)]",
        "command_line_arguments": "C:\\Users\\princ\\anaconda3\\envs\\mlagents\\Scripts\\mlagents-learn results/kart-agents-v6/configuration.yaml --force",
        "mlagents_version": "1.1.0",
        "mlagents_envs_version": "1.1.0",
        "communication_protocol_version": "1.5.0",
        "pytorch_version": "2.2.2+cu121",
        "numpy_version": "1.23.5",
        "end_time_seconds": "1746873618"
    },
    "total": 34.59414459997788,
    "count": 1,
    "self": 0.008657300029881299,
    "children": {
        "run_training.setup": {
            "total": 0.10847760003525764,
            "count": 1,
            "self": 0.10847760003525764
        },
        "TrainerController.start_learning": {
            "total": 34.47700969991274,
            "count": 1,
            "self": 0.0027366006979718804,
            "children": {
                "TrainerController._reset_env": {
                    "total": 10.180143699981272,
                    "count": 1,
                    "self": 10.180143699981272
                },
                "TrainerController.advance": {
                    "total": 24.02308359928429,
                    "count": 87,
                    "self": 0.0030904996674507856,
                    "children": {
                        "env_step": {
                            "total": 23.853360799141228,
                            "count": 87,
                            "self": 23.173175598843955,
                            "children": {
                                "SubprocessEnvManager._take_step": {
                                    "total": 0.6786556999431923,
                                    "count": 87,
                                    "self": 0.009235299658030272,
                                    "children": {
                                        "TorchPolicy.evaluate": {
                                            "total": 0.669420400285162,
                                            "count": 87,
                                            "self": 0.669420400285162
                                        }
                                    }
                                },
                                "workers": {
                                    "total": 0.0015295003540813923,
                                    "count": 86,
                                    "self": 0.0,
                                    "children": {
                                        "worker_root": {
                                            "total": 4.829926000791602,
                                            "count": 86,
                                            "is_parallel": true,
                                            "self": 3.14711100095883,
                                            "children": {
                                                "steps_from_proto": {
                                                    "total": 0.002762800082564354,
                                                    "count": 1,
                                                    "is_parallel": true,
                                                    "self": 0.00016510009299963713,
                                                    "children": {
                                                        "_process_rank_one_or_two_observation": {
                                                            "total": 0.002597699989564717,
                                                            "count": 6,
                                                            "is_parallel": true,
                                                            "self": 0.002597699989564717
                                                        }
                                                    }
                                                },
                                                "UnityEnvironment.step": {
                                                    "total": 1.6800521997502074,
                                                    "count": 86,
                                                    "is_parallel": true,
                                                    "self": 0.029222099692560732,
                                                    "children": {
                                                        "UnityEnvironment._generate_step_input": {
                                                            "total": 0.0348768001422286,
                                                            "count": 86,
                                                            "is_parallel": true,
                                                            "self": 0.0348768001422286
                                                        },
                                                        "communicator.exchange": {
                                                            "total": 1.5482172997435555,
                                                            "count": 86,
                                                            "is_parallel": true,
                                                            "self": 1.5482172997435555
                                                        },
                                                        "steps_from_proto": {
                                                            "total": 0.06773600017186254,
                                                            "count": 86,
                                                            "is_parallel": true,
                                                            "self": 0.013947599800303578,
                                                            "children": {
                                                                "_process_rank_one_or_two_observation": {
                                                                    "total": 0.053788400371558964,
                                                                    "count": 516,
                                                                    "is_parallel": true,
                                                                    "self": 0.053788400371558964
                                                                }
                                                            }
                                                        }
                                                    }
                                                }
                                            }
                                        }
                                    }
                                }
                            }
                        },
                        "trainer_advance": {
                            "total": 0.16663230047561228,
                            "count": 86,
                            "self": 0.002329499926418066,
                            "children": {
                                "process_trajectory": {
                                    "total": 0.16430280054919422,
                                    "count": 86,
                                    "self": 0.16430280054919422
                                }
                            }
                        }
                    }
                },
                "trainer_threads": {
                    "total": 1.7998972907662392e-06,
                    "count": 1,
                    "self": 1.7998972907662392e-06
                },
                "TrainerController._save_models": {
                    "total": 0.27104400005191565,
                    "count": 1,
                    "self": 0.011144600110128522,