{"count":1,"self":23326.662656,"total":23732.744314,"children":{"InitializeActuators":{"count":10,"self":0.0014609999999999998,"total":0.0014609999999999998,"children":null},"InitializeSensors":{"count":10,"self":0.0015102,"total":0.0015102,"children":null},"AgentSendState":{"count":1186372,"self":105.96456959999999,"total":138.59560829999998,"children":{"CollectObservations":{"count":2372750,"self":29.1589472,"total":29.158948499999997,"children":null},"WriteActionMask":{"count":2372750,"self":1.0393968,"total":1.0393968,"children":null},"RequestDecision":{"count":2372750,"self":2.4326908,"total":2.4326909,"children":null}}},"DecideAction":{"count":1186372,"self":243.09288959999998,"total":257.9662947,"children":{"RayPerceptionSensor.Perceive":{"count":4745500,"self":14.873415999999999,"total":14.873415999999999,"children":null}}},"AgentAct":{"count":1186372,"self":9.5155776,"total":9.5155772,"children":null}},"gauges":{"KartAgent.CumulativeReward":{"count":3988,"max":113.30545,"min":-1.48017025,"runningAverage":84.7495651,"value":24.09282,"weightedAverage":41.72216}},"metadata":{"timer_format_version":"0.1.0","start_time_seconds":"1748439065","unity_version":"2023.2.19f1","command_line_arguments":"D:\\Unity\\2023.2.19f1\\Editor\\Unity.exe -projectpath D:\\public\\RL-KartRace -useHub -hubIPC -cloudEnvironment production","communication_protocol_version":"1.5.0","com.unity.ml-agents_version":"3.0.0","scene_name":"MainMenu","end_time_seconds":"1748462798"}}