{"count":1,"self":961.1341824,"total":963.10443479999992,"children":{"InitializeActuators":{"count":4,"self":0.0015156,"total":0.0015156,"children":null},"InitializeSensors":{"count":4,"self":0.0015281,"total":0.0015281,"children":null},"AgentSendState":{"count":4932,"self":0.1735081,"total":0.23959799999999998,"children":{"CollectObservations":{"count":3948,"self":0.0433721,"total":0.0433721,"children":null},"WriteActionMask":{"count":3948,"self":0.0030288,"total":0.0030288,"children":null},"RequestDecision":{"count":3948,"self":0.019688999999999998,"total":0.019688999999999998,"children":null}}},"DecideAction":{"count":4932,"self":1.6697058999999999,"total":1.6943629999999998,"children":{"RayPerceptionSensor.Perceive":{"count":7896,"self":0.024657099999999998,"total":0.024657099999999998,"children":null}}},"AgentAct":{"count":4932,"self":0.0332801,"total":0.0332801,"children":null}},"gauges":{"KartAgent.CumulativeReward":{"count":5,"max":110.341896,"min":10.3050079,"runningAverage":85.68498,"value":10.3050079,"weightedAverage":81.95296}},"metadata":{"timer_format_version":"0.1.0","start_time_seconds":"1749575830","unity_version":"2023.2.19f1","command_line_arguments":"D:\\Unity\\2023.2.19f1\\Editor\\Unity.exe -projectpath D:\\public\\RL-KartRace -useHub -hubIPC -cloudEnvironment production","communication_protocol_version":"1.5.0","com.unity.ml-agents_version":"3.0.0","scene_name":"MainMenu","end_time_seconds":"1749576793"}}