{"count":1,"self":18433.8006016,"total":335626.7417979,"children":{"InitializeActuators":{"count":10,"self":0.0015042,"total":0.0015042,"children":null},"InitializeSensors":{"count":10,"self":0.0025106,"total":0.0025106,"children":null},"AgentSendState":{"count":17919290,"self":1472.1272832,"total":2230.408973,"children":{"CollectObservations":{"count":35838580,"self":379.97355519999996,"total":379.9735431,"children":null},"WriteActionMask":{"count":35838580,"self":5.9268871999999995,"total":5.9268874,"children":null},"RequestDecision":{"count":35838580,"self":50.424710399999995,"total":372.3812355,"children":{"AgentInfo.ToProto":{"count":35838580,"self":41.7547552,"total":321.95652359999997,"children":{"GenerateSensorData":{"count":35838580,"self":243.6694784,"total":280.2017692,"children":{"RayPerceptionSensor.Perceive":{"count":71677160,"self":36.532288,"total":36.5322896,"children":null}}}}}}}}},"DecideAction":{"count":17919290,"self":314865.4313472,"total":314865.43543219997,"children":null},"AgentAct":{"count":17919290,"self":96.1625984,"total":96.1625992,"children":null},"AgentInfo.ToProto":{"count":53918,"self":0.2320889,"total":0.92780509999999994,"children":{"GenerateSensorData":{"count":53918,"self":0.6057068,"total":0.6957162,"children":{"RayPerceptionSensor.Perceive":{"count":107836,"self":0.090009399999999989,"total":0.090009399999999989,"children":null}}}}}},"gauges":{"KartAgent.CumulativeReward":{"count":53918,"max":110.98938,"min":-10.321722,"runningAverage":99.20924,"value":108.544258,"weightedAverage":107.95295}},"metadata":{"timer_format_version":"0.1.0","start_time_seconds":"1749239408","unity_version":"2023.2.19f1","command_line_arguments":"D:\\Unity\\2023.2.19f1\\Editor\\Unity.exe -projectpath D:\\public\\RL-KartRace -useHub -hubIPC -cloudEnvironment production","communication_protocol_version":"1.5.0","com.unity.ml-agents_version":"3.0.0","scene_name":"Training","end_time_seconds":"1749575034"}}