{"count":1,"self":4590.370816,"total":152328.5493501,"children":{"InitializeActuators":{"count":10,"self":0.0015107,"total":0.0015107,"children":null},"InitializeSensors":{"count":10,"self":0.0015136,"total":0.0015136,"children":null},"AgentSendState":{"count":6364769,"self":583.0802944,"total":881.5130684,"children":{"CollectObservations":{"count":12729540,"self":144.4684672,"total":144.4684719,"children":null},"WriteActionMask":{"count":12729540,"self":2.7447027999999998,"total":2.7447029,"children":null},"RequestDecision":{"count":12729540,"self":20.010692799999998,"total":151.21960049999998,"children":{"AgentInfo.ToProto":{"count":12729540,"self":17.7982944,"total":131.2089073,"children":{"GenerateSensorData":{"count":12729540,"self":98.3721408,"total":113.4106121,"children":{"RayPerceptionSensor.Perceive":{"count":25459080,"self":15.0384704,"total":15.038470799999999,"children":null}}}}}}}}},"DecideAction":{"count":6364769,"self":146819.5667968,"total":146819.5629356,"children":null},"AgentAct":{"count":6364769,"self":36.693056,"total":36.693057599999996,"children":null},"AgentInfo.ToProto":{"count":19847,"self":0.10488009999999999,"total":0.40258449999999996,"children":{"GenerateSensorData":{"count":19847,"self":0.2549075,"total":0.2977044,"children":{"RayPerceptionSensor.Perceive":{"count":39694,"self":0.0427969,"total":0.0427969,"children":null}}}}}},"gauges":{"KartAgent.CumulativeReward":{"count":19847,"max":112.580734,"min":-10.0432053,"runningAverage":103.33503,"value":108.758942,"weightedAverage":108.2783}},"metadata":{"timer_format_version":"0.1.0","start_time_seconds":"1747998091","unity_version":"2023.2.19f1","command_line_arguments":"D:\\Unity\\2023.2.19f1\\Editor\\Unity.exe -projectpath D:\\public\\RL-KartRace -useHub -hubIPC -cloudEnvironment production","communication_protocol_version":"1.5.0","com.unity.ml-agents_version":"3.0.0","scene_name":"UjiCoba","end_time_seconds":"1748150419"}}