{"count":1,"self":1064.7043072,"total":4665.2553892999995,"children":{"InitializeActuators":{"count":9,"self":0.0014857,"total":0.0014857,"children":null},"InitializeSensors":{"count":9,"self":0.0025302,"total":0.0025302,"children":null},"AgentSendState":{"count":1379618,"self":79.45488,"total":125.43097639999999,"children":{"CollectObservations":{"count":2483316,"self":21.7629408,"total":21.7629402,"children":null},"WriteActionMask":{"count":2483316,"self":0.4248064,"total":0.4248064,"children":null},"RequestDecision":{"count":2483316,"self":3.2600892,"total":23.7883528,"children":{"AgentInfo.ToProto":{"count":2483316,"self":2.8749371999999997,"total":20.5282636,"children":{"GenerateSensorData":{"count":2483316,"self":15.167521599999999,"total":17.6533265,"children":{"RayPerceptionSensor.Perceive":{"count":4966632,"self":2.4858043999999997,"total":2.4858043999999997,"children":null}}}}}}}}},"DecideAction":{"count":1379618,"self":3467.7403648,"total":3467.7401621,"children":null},"AgentAct":{"count":1379618,"self":7.2913624,"total":7.2913627,"children":null},"AgentInfo.ToProto":{"count":5261,"self":0.0113309,"total":0.0845558,"children":{"GenerateSensorData":{"count":5261,"self":0.059864799999999996,"total":0.0732249,"children":{"RayPerceptionSensor.Perceive":{"count":10522,"self":0.0133601,"total":0.0133601,"children":null}}}}}},"gauges":{"KartAgent.CumulativeReward":{"count":5261,"max":130.8706,"min":-4.505971,"runningAverage":32.62994,"value":109.187286,"weightedAverage":98.67853}},"metadata":{"timer_format_version":"0.1.0","start_time_seconds":"1747153179","unity_version":"2023.2.19f1","command_line_arguments":"D:\\Unity\\2023.2.19f1\\Editor\\Unity.exe -projectpath D:\\public\\RL-KartRace -useHub -hubIPC -cloudEnvironment production","communication_protocol_version":"1.5.0","com.unity.ml-agents_version":"3.0.0","scene_name":"UjiCoba","end_time_seconds":"1747157844"}}