{"count":1,"self":69.133056,"total":69.7277855,"children":{"InitializeActuators":{"count":2,"self":0.0010310999999999999,"total":0.0010310999999999999,"children":null},"InitializeSensors":{"count":2,"self":0.0025244,"total":0.0025244,"children":null},"AgentSendState":{"count":3201,"self":0.069058899999999993,"total":0.1034808,"children":{"CollectObservations":{"count":1282,"self":0.021299699999999998,"total":0.021299699999999998,"children":null},"WriteActionMask":{"count":1282,"self":0,"total":0,"children":null},"RequestDecision":{"count":1282,"self":0.013122199999999999,"total":0.013122199999999999,"children":null}}},"DecideAction":{"count":3201,"self":0.4538387,"total":0.4749661,"children":{"RayPerceptionSensor.Perceive":{"count":2564,"self":0.021127399999999998,"total":0.021127399999999998,"children":null}}},"AgentAct":{"count":3201,"self":0.0122194,"total":0.0122194,"children":null}},"gauges":{"KartAgent.CumulativeReward":{"count":1,"max":12.1057348,"min":12.1057348,"runningAverage":12.1057348,"value":12.1057348,"weightedAverage":12.1057348}},"metadata":{"timer_format_version":"0.1.0","start_time_seconds":"1748160950","unity_version":"2023.2.19f1","command_line_arguments":"D:\\Unity\\2023.2.19f1\\Editor\\Unity.exe -projectpath D:\\public\\RL-KartRace -useHub -hubIPC -cloudEnvironment production","communication_protocol_version":"1.5.0","com.unity.ml-agents_version":"3.0.0","scene_name":"UjiCoba","end_time_seconds":"1748161020"}}