{
    "name": "root",
    "metadata": {
        "timer_format_version": "0.1.0",
        "start_time_seconds": "1747217277",
        "python_version": "3.10.12 | packaged by Anaconda, Inc. | (main, Jul  5 2023, 19:01:18) [MSC v.1916 64 bit (AMD64)]",
        "command_line_arguments": "C:\\Users\\princ\\anaconda3\\envs\\mlagents\\Scripts\\mlagents-learn --run-id=kart-agents-dqn-1.0 --force",
        "mlagents_version": "1.1.0",
        "mlagents_envs_version": "1.1.0",
        "communication_protocol_version": "1.5.0",
        "pytorch_version": "2.2.2+cu121",
        "numpy_version": "1.23.5",
        "end_time_seconds": "1747217296"
    },
    "total": 18.943174300016835,
    "count": 1,
    "self": 0.006000799941830337,
    "children": {
        "run_training.setup": {
            "total": 0.033418700098991394,
            "count": 1,
            "self": 0.033418700098991394
        },
        "TrainerController.start_learning": {
            "total": 18.903754799976014,
            "count": 1,
            "self": 0.007585599552839994,
            "children": {
                "TrainerController._reset_env": {
                    "total": 7.995473700109869,
                    "count": 1,
                    "self": 7.995473700109869
                },
                "TrainerController.advance": {
                    "total": 10.626476400298998,
                    "count": 378,
                    "self": 0.0063829985447227955,
                    "children": {
                        "env_step": {
                            "total": 10.344895401154645,
                            "count": 378,
                            "self": 8.841821100795642,
                            "children": {
                                "SubprocessEnvManager._take_step": {
                                    "total": 1.4986353005515411,
                                    "count": 378,
                                    "self": 0.018889101454988122,
                                    "children": {
                                        "TorchPolicy.evaluate": {
                                            "total": 1.479746199096553,
                                            "count": 377,
                                            "self": 1.479746199096553
                                        }
                                    }
                                },
                                "workers": {
                                    "total": 0.004438999807462096,
                                    "count": 377,
                                    "self": 0.0,
                                    "children": {
                                        "worker_root": {
                                            "total": 7.45527320005931,
                                            "count": 377,
                                            "is_parallel": true,
                                            "self": 4.086256199516356,
                                            "children": {
                                                "steps_from_proto": {
                                                    "total": 0.0028814999386668205,
                                                    "count": 1,
                                                    "is_parallel": true,
                                                    "self": 0.000524899922311306,
                                                    "children": {
                                                        "_process_rank_one_or_two_observation": {
                                                            "total": 0.0023566000163555145,
                                                            "count": 6,
                                                            "is_parallel": true,
                                                            "self": 0.0023566000163555145
                                                        }
                                                    }
                                                },
                                                "UnityEnvironment.step": {
                                                    "total": 3.366135500604287,
                                                    "count": 377,
                                                    "is_parallel": true,
                                                    "self": 0.055231600534170866,
                                                    "children": {
                                                        "UnityEnvironment._generate_step_input": {
                                                            "total": 0.06928150041494519,
                                                            "count": 377,
                                                            "is_parallel": true,
                                                            "self": 0.06928150041494519
                                                        },
                                                        "communicator.exchange": {
                                                            "total": 3.0746588996844366,
                                                            "count": 377,
                                                            "is_parallel": true,
                                                            "self": 3.0746588996844366
                                                        },
                                                        "steps_from_proto": {
                                                            "total": 0.16696349997073412,
                                                            "count": 377,
                                                            "is_parallel": true,
                                                            "self": 0.059782799682579935,
                                                            "children": {
                                                                "_process_rank_one_or_two_observation": {
                                                                    "total": 0.10718070028815418,
                                                                    "count": 2262,
                                                                    "is_parallel": true,
                                                                    "self": 0.10718070028815418
                                                                }
                                                            }
                                                        }
                                                    }
                                                }
                                            }
                                        }
                                    }
                                }
                            }
                        },
                        "trainer_advance": {
                            "total": 0.2751980005996302,
                            "count": 377,
                            "self": 0.009257099707610905,
                            "children": {
                                "process_trajectory": {
                                    "total": 0.26594090089201927,
                                    "count": 377,
                                    "self": 0.26594090089201927
                                }
                            }
                        }
                    }
                },
                "trainer_threads": {
                    "total": 1.100008375942707e-06,
                    "count": 1,
                    "self": 1.100008375942707e-06
                },
                "TrainerController._save_models": {
                    "total": 0.27421800000593066,
                    "count": 1,
                    "self": 0.01767969992943108,