{
    "name": "root",
    "gauges": {
        "KartAgent.Policy.Entropy.mean": {
            "value": 1.372950553894043,
            "min": 1.368759274482727,
            "max": 1.4215396642684937,
            "count": 22
        },
        "KartAgent.Policy.Entropy.sum": {
            "value": 68812.28125,
            "min": 68355.8359375,
            "max": 71464.75,
            "count": 22
        },
        "KartAgent.Step.mean": {
            "value": 1099983.0,
            "min": 49970.0,
            "max": 1099983.0,
            "count": 22
        },
        "KartAgent.Step.sum": {
            "value": 1099983.0,
            "min": 49970.0,
            "max": 1099983.0,
            "count": 22
        },
        "KartAgent.Policy.ExtrinsicValueEstimate.mean": {
            "value": 4.543283939361572,
            "min": 0.013921930454671383,
            "max": 4.543283939361572,
            "count": 22
        },
        "KartAgent.Policy.ExtrinsicValueEstimate.sum": {
            "value": 3716.40625,
            "min": 13.197990417480469,
            "max": 3716.40625,
            "count": 22
        },
        "KartAgent.Environment.EpisodeLength.mean": {
            "value": 782.5846153846154,
            "min": 164.751677852349,
            "max": 997.2941176470588,
            "count": 22
        },
        "KartAgent.Environment.EpisodeLength.sum": {
            "value": 50868.0,
            "min": 45671.0,
            "max": 52222.0,
            "count": 22
        },
        "KartAgent.Environment.CumulativeReward.mean": {
            "value": 50.85516282411722,
            "min": 0.26456293531837277,
            "max": 50.85516282411722,
            "count": 22
        },
        "KartAgent.Environment.CumulativeReward.sum": {
            "value": 3305.5855835676193,
            "min": 78.83975472487509,
            "max": 3305.5855835676193,
            "count": 22
        },
        "KartAgent.Policy.ExtrinsicReward.mean": {
            "value": 50.85516282411722,
            "min": 0.26456293531837277,
            "max": 50.85516282411722,
            "count": 22
        },
        "KartAgent.Policy.ExtrinsicReward.sum": {
            "value": 3305.5855835676193,
            "min": 78.83975472487509,
            "max": 3305.5855835676193,
            "count": 22
        },
        "KartAgent.Losses.PolicyLoss.mean": {
            "value": 0.025258490942451316,
            "min": 0.022224096533027475,
            "max": 0.02939872232174821,
            "count": 22
        },
        "KartAgent.Losses.PolicyLoss.sum": {
            "value": 0.05051698188490263,
            "min": 0.04444819306605495,
            "max": 0.07543007737400331,
            "count": 22
        },
        "KartAgent.Losses.ValueLoss.mean": {
            "value": 0.15788643471896646,
            "min": 0.056028407141566275,
            "max": 0.18866110865026714,
            "count": 22
        },
        "KartAgent.Losses.ValueLoss.sum": {
            "value": 0.3157728694379329,
            "min": 0.11205681428313255,
            "max": 0.545030721053481,
            "count": 22
        },
        "KartAgent.Policy.LearningRate.mean": {
            "value": 0.00029676873707708794,
            "min": 0.00029676873707708794,
            "max": 0.000299907768030744,
            "count": 22
        },
        "KartAgent.Policy.LearningRate.sum": {
            "value": 0.0005935374741541759,
            "min": 0.0005935374741541759,
            "max": 0.0008988922953692347,
            "count": 22
        },
        "KartAgent.Policy.Epsilon.mean": {
            "value": 0.14946145600000002,
            "min": 0.14946145600000002,
            "max": 0.149984628,
            "count": 22
        },
        "KartAgent.Policy.Epsilon.sum": {
            "value": 0.29892291200000004,
            "min": 0.29892291200000004,
            "max": 0.44981538249999997,
            "count": 22
        },
        "KartAgent.Policy.Beta.mean": {
            "value": 0.004946253308799999,
            "min": 0.004946253308799999,
            "max": 0.004998465874399999,
            "count": 22
        },
        "KartAgent.Policy.Beta.sum": {
            "value": 0.009892506617599998,
            "min": 0.009892506617599998,
            "max": 0.0149815751735,
            "count": 22
        },
        "KartAgent.IsTraining.mean": {
            "value": 1.0,
            "min": 1.0,
            "max": 1.0,
            "count": 22
        },
        "KartAgent.IsTraining.sum": {
            "value": 1.0,
            "min": 1.0,
            "max": 1.0,
            "count": 22
        }
    },
    "metadata": {
        "timer_format_version": "0.1.0",
        "start_time_seconds": "1747111969",
        "python_version": "3.10.12 | packaged by Anaconda, Inc. | (main, Jul  5 2023, 19:01:18) [MSC v.1916 64 bit (AMD64)]",
        "command_line_arguments": "C:\\Users\\princ\\anaconda3\\envs\\mlagents\\Scripts\\mlagents-learn .\\results\\kart-agents-1.2\\configuration.yaml --force",
        "mlagents_version": "1.1.0",
        "mlagents_envs_version": "1.1.0",
        "communication_protocol_version": "1.5.0",
        "pytorch_version": "2.2.2+cu121",
        "numpy_version": "1.23.5",
        "end_time_seconds": "1747113777"
    },
    "total": 1808.420193500002,
    "count": 1,
    "self": 0.005950500024482608,
    "children": {
        "run_training.setup": {
            "total": 0.10007849999237806,
            "count": 1,
            "self": 0.10007849999237806
        },
        "TrainerController.start_learning": {
            "total": 1808.314164499985,
            "count": 1,
            "self": 2.1417480891104788,
            "children": {
                "TrainerController._reset_env": {
                    "total": 23.600780799984932,
                    "count": 1,
                    "self": 23.600780799984932
                },
                "TrainerController.advance": {
                    "total": 1782.4511308108922,
                    "count": 114864,
                    "self": 1.8957684523193166,
                    "children": {
                        "env_step": {
                            "total": 1331.865320168552,
                            "count": 114864,
                            "self": 989.6240471552592,
                            "children": {
                                "SubprocessEnvManager._take_step": {
                                    "total": 340.79468442162033,
                                    "count": 114864,
                                    "self": 7.042096927878447,
                                    "children": {
                                        "TorchPolicy.evaluate": {
                                            "total": 333.7525874937419,
                                            "count": 112877,
                                            "self": 333.7525874937419
                                        }
                                    }
                                },
                                "workers": {
                                    "total": 1.44658859167248,
                                    "count": 114863,
                                    "self": 0.0,
                                    "children": {
                                        "worker_root": {
                                            "total": 1720.1745648913784,
                                            "count": 114863,
                                            "is_parallel": true,
                                            "self": 918.9339232782368,
                                            "children": {
                                                "steps_from_proto": {
                                                    "total": 0.0004352000541985035,
                                                    "count": 1,
                                                    "is_parallel": true,