{
    "name": "root",
    "gauges": {
        "KartAgent.Policy.Entropy.mean": {
            "value": 1.759748101234436,
            "min": 1.7000906467437744,
            "max": 1.7598254680633545,
            "count": 25
        },
        "KartAgent.Policy.Entropy.sum": {
            "value": 88040.1953125,
            "min": 1088.0579833984375,
            "max": 88040.1953125,
            "count": 25
        },
        "KartAgent.IsTraining.mean": {
            "value": 1.0,
            "min": 1.0,
            "max": 1.0,
            "count": 25
        },
        "KartAgent.IsTraining.sum": {
            "value": 1.0,
            "min": 1.0,
            "max": 1.0,
            "count": 25
        },
        "KartAgent.Step.mean": {
            "value": 16699948.0,
            "min": 15549992.0,
            "max": 16699948.0,
            "count": 24
        },
        "KartAgent.Step.sum": {
            "value": 16699948.0,
            "min": 15549992.0,
            "max": 16699948.0,
            "count": 24
        },
        "KartAgent.Policy.ExtrinsicValueEstimate.mean": {
            "value": 13.665335655212402,
            "min": 12.866944313049316,
            "max": 13.71689224243164,
            "count": 24
        },
        "KartAgent.Policy.ExtrinsicValueEstimate.sum": {
            "value": 11150.9140625,
            "min": 10525.16015625,
            "max": 11216.81640625,
            "count": 24
        },
        "KartAgent.Environment.EpisodeLength.mean": {
            "value": 642.3974358974359,
            "min": 632.1645569620254,
            "max": 684.581081081081,
            "count": 24
        },
        "KartAgent.Environment.EpisodeLength.sum": {
            "value": 50107.0,
            "min": 47230.0,
            "max": 51537.0,
            "count": 24
        },
        "KartAgent.Environment.CumulativeReward.mean": {
            "value": 104.40225103825236,
            "min": 97.49190628978532,
            "max": 106.75948387111066,
            "count": 24
        },
        "KartAgent.Environment.CumulativeReward.sum": {
            "value": 8247.777832021937,
            "min": 7290.780227817595,
            "max": 8247.777832021937,
            "count": 24
        },
        "KartAgent.Policy.ExtrinsicReward.mean": {
            "value": 104.40225103825236,
            "min": 97.49190628978532,
            "max": 106.75948387111066,
            "count": 24
        },
        "KartAgent.Policy.ExtrinsicReward.sum": {
            "value": 8247.777832021937,
            "min": 7290.780227817595,
            "max": 8247.777832021937,
            "count": 24
        },
        "KartAgent.Losses.PolicyLoss.mean": {
            "value": 0.024366657886566827,
            "min": 0.022138916403588758,
            "max": 0.026319785782579857,
            "count": 24
        },
        "KartAgent.Losses.PolicyLoss.sum": {
            "value": 0.048733315773133654,
            "min": 0.04571181826700922,
            "max": 0.07895935734773957,
            "count": 24
        },
        "KartAgent.Losses.ValueLoss.mean": {
            "value": 0.19628820784389972,
            "min": 0.1264453310519457,
            "max": 0.37646459907293317,
            "count": 24
        },
        "KartAgent.Losses.ValueLoss.sum": {
            "value": 0.39257641568779944,
            "min": 0.2528906621038914,
            "max": 0.9705171908438206,
            "count": 24
        },
        "KartAgent.Policy.LearningRate.mean": {
            "value": 0.0002499604081798695,
            "min": 0.0002499604081798695,
            "max": 0.0002534078795307119,
            "count": 24
        },
        "KartAgent.Policy.LearningRate.sum": {
            "value": 0.000499920816359739,
            "min": 0.000499920816359739,
            "max": 0.0007593927438691009,
            "count": 24
        },
        "KartAgent.Policy.Epsilon.mean": {
            "value": 0.14166006525000002,
            "min": 0.14166006525000002,
            "max": 0.142234644,
            "count": 24
        },
        "KartAgent.Policy.Epsilon.sum": {
            "value": 0.28332013050000004,
            "min": 0.28332013050000004,
            "max": 0.42656544949999997,
            "count": 24
        },
        "KartAgent.Policy.Beta.mean": {
            "value": 0.0041676745119499994,
            "min": 0.0041676745119499994,
            "max": 0.004225017471200001,
            "count": 24
        },
        "KartAgent.Policy.Beta.sum": {
            "value": 0.008335349023899999,
            "min": 0.008335349023899999,
            "max": 0.0126612318601,
            "count": 24
        }
    },
    "metadata": {
        "timer_format_version": "0.1.0",
        "start_time_seconds": "1747137241",
        "python_version": "3.10.12 | packaged by Anaconda, Inc. | (main, Jul  5 2023, 19:01:18) [MSC v.1916 64 bit (AMD64)]",
        "command_line_arguments": "C:\\Users\\princ\\anaconda3\\envs\\mlagents\\Scripts\\mlagents-learn .\\results\\kart-agents-1.2\\configuration.yaml --resume",
        "mlagents_version": "1.1.0",
        "mlagents_envs_version": "1.1.0",
        "communication_protocol_version": "1.5.0",
        "pytorch_version": "2.2.2+cu121",
        "numpy_version": "1.23.5",
        "end_time_seconds": "1747139204"
    },
    "total": 1962.1257261999417,
    "count": 1,
    "self": 0.006625399808399379,
    "children": {
        "run_training.setup": {
            "total": 0.12184490007348359,
            "count": 1,
            "self": 0.12184490007348359
        },
        "TrainerController.start_learning": {
            "total": 1961.9972559000598,
            "count": 1,
            "self": 2.5461938144871965,
            "children": {
                "TrainerController._reset_env": {
                    "total": 8.888956399983726,
                    "count": 1,
                    "self": 8.888956399983726
                },
                "TrainerController.advance": {
                    "total": 1950.4789161856752,
                    "count": 124740,
                    "self": 2.110572263598442,
                    "children": {
                        "env_step": {
                            "total": 1444.654801732744,
                            "count": 124740,
                            "self": 1075.8859616331756,
                            "children": {
                                "SubprocessEnvManager._take_step": {
                                    "total": 367.1239757849835,
                                    "count": 124740,
                                    "self": 8.341395652503707,
                                    "children": {
                                        "TorchPolicy.evaluate": {
                                            "total": 358.7825801324798,
                                            "count": 123157,
                                            "self": 358.7825801324798
                                        }
                                    }
                                },
                                "workers": {
                                    "total": 1.6448643145849928,
                                    "count": 124740,
                                    "self": 0.0,
                                    "children": {
                                        "worker_root": {
                                            "total": 1944.6337769954698,
                                            "count": 124740,
                                            "is_parallel": true,
                                            "self": 1011.3691273834556,
                                            "children": {
                                                "steps_from_proto": {
                                                    "total": 0.0005229999078437686,
                                                    "count": 1,