{
    "name": "root",
    "gauges": {
        "KartAgent.Policy.Entropy.mean": {
            "value": 1.4200626611709595,
            "min": 1.4200626611709595,
            "max": 1.4250959157943726,
            "count": 10
        },
        "KartAgent.Policy.Entropy.sum": {
            "value": 70988.9296875,
            "min": 70985.1328125,
            "max": 71604.734375,
            "count": 10
        },
        "KartAgent.Step.mean": {
            "value": 499968.0,
            "min": 49974.0,
            "max": 499968.0,
            "count": 10
        },
        "KartAgent.Step.sum": {
            "value": 499968.0,
            "min": 49974.0,
            "max": 499968.0,
            "count": 10
        },
        "KartAgent.Policy.ExtrinsicValueEstimate.mean": {
            "value": 1.6354845762252808,
            "min": -0.05878777056932449,
            "max": 1.7157901525497437,
            "count": 10
        },
        "KartAgent.Policy.ExtrinsicValueEstimate.sum": {
            "value": 1337.826416015625,
            "min": -48.61748504638672,
            "max": 1403.516357421875,
            "count": 10
        },
        "KartAgent.Environment.EpisodeLength.mean": {
            "value": 623.566265060241,
            "min": 360.6212121212121,
            "max": 623.566265060241,
            "count": 10
        },
        "KartAgent.Environment.EpisodeLength.sum": {
            "value": 51756.0,
            "min": 47602.0,
            "max": 51756.0,
            "count": 10
        },
        "KartAgent.Environment.CumulativeReward.mean": {
            "value": 14.828239437327328,
            "min": -0.4212273789400404,
            "max": 14.828239437327328,
            "count": 10
        },
        "KartAgent.Environment.CumulativeReward.sum": {
            "value": 1230.7438732981682,
            "min": -55.602014020085335,
            "max": 1230.7438732981682,
            "count": 10
        },
        "KartAgent.Policy.ExtrinsicReward.mean": {
            "value": 14.828239437327328,
            "min": -0.4212273789400404,
            "max": 14.828239437327328,
            "count": 10
        },
        "KartAgent.Policy.ExtrinsicReward.sum": {
            "value": 1230.7438732981682,
            "min": -55.602014020085335,
            "max": 1230.7438732981682,
            "count": 10
        },
        "KartAgent.Losses.PolicyLoss.mean": {
            "value": 0.020800616658331515,
            "min": 0.020800616658331515,
            "max": 0.02547800425801446,
            "count": 10
        },
        "KartAgent.Losses.PolicyLoss.sum": {
            "value": 0.10400308329165758,
            "min": 0.08599746237596263,
            "max": 0.1273900212900723,
            "count": 10
        },
        "KartAgent.Losses.ValueLoss.mean": {
            "value": 0.73764830271403,
            "min": 0.054344773665070525,
            "max": 0.73764830271403,
            "count": 10
        },
        "KartAgent.Losses.ValueLoss.sum": {
            "value": 3.68824151357015,
            "min": 0.2173790946602821,
            "max": 3.68824151357015,
            "count": 10
        },
        "KartAgent.Policy.LearningRate.mean": {
            "value": 1.639509453500001e-05,
            "min": 1.639509453500001e-05,
            "max": 0.00028459815513394996,
            "count": 10
        },
        "KartAgent.Policy.LearningRate.sum": {
            "value": 8.197547267500005e-05,
            "min": 8.197547267500005e-05,
            "max": 0.0012844338718554,
            "count": 10
        },
        "KartAgent.Policy.Epsilon.mean": {
            "value": 0.10546499999999999,
            "min": 0.10546499999999999,
            "max": 0.19486604999999999,
            "count": 10
        },
        "KartAgent.Policy.Epsilon.sum": {
            "value": 0.5273249999999999,
            "min": 0.49998160000000014,
            "max": 0.9281446000000001,
            "count": 10
        },
        "KartAgent.Policy.Beta.mean": {
            "value": 0.0002827035000000001,
            "min": 0.0002827035000000001,
            "max": 0.004743815895,
            "count": 10
        },
        "KartAgent.Policy.Beta.sum": {
            "value": 0.0014135175000000006,
            "min": 0.0014135175000000006,
            "max": 0.021414415540000002,
            "count": 10
        },
        "KartAgent.IsTraining.mean": {
            "value": 1.0,
            "min": 1.0,
            "max": 1.0,
            "count": 10
        },
        "KartAgent.IsTraining.sum": {
            "value": 1.0,
            "min": 1.0,
            "max": 1.0,
            "count": 10
        }
    },
    "metadata": {
        "timer_format_version": "0.1.0",
        "start_time_seconds": "1746974034",
        "python_version": "3.10.12 | packaged by Anaconda, Inc. | (main, Jul  5 2023, 19:01:18) [MSC v.1916 64 bit (AMD64)]",
        "command_line_arguments": "C:\\Users\\princ\\anaconda3\\envs\\mlagents\\Scripts\\mlagents-learn --force",
        "mlagents_version": "1.1.0",
        "mlagents_envs_version": "1.1.0",
        "communication_protocol_version": "1.5.0",
        "pytorch_version": "2.2.2+cu121",
        "numpy_version": "1.23.5",
        "end_time_seconds": "1746974694"
    },
    "total": 660.7571941999486,
    "count": 1,
    "self": 0.013051899964921176,
    "children": {
        "run_training.setup": {
            "total": 0.029013599967584014,
            "count": 1,
            "self": 0.029013599967584014
        },
        "TrainerController.start_learning": {
            "total": 660.7151287000161,
            "count": 1,
            "self": 0.9535642984556034,
            "children": {
                "TrainerController._reset_env": {
                    "total": 7.954512599972077,
                    "count": 1,
                    "self": 7.954512599972077
                },
                "TrainerController.advance": {
                    "total": 651.7575987016317,
                    "count": 50972,
                    "self": 0.8424932106863707,
                    "children": {
                        "env_step": {
                            "total": 525.9051791012753,
                            "count": 50972,
                            "self": 389.80385149794165,
                            "children": {
                                "SubprocessEnvManager._take_step": {
                                    "total": 135.47032931481954,
                                    "count": 50972,
                                    "self": 3.494528199429624,
                                    "children": {
                                        "TorchPolicy.evaluate": {
                                            "total": 131.9758011153899,
                                            "count": 50036,
                                            "self": 131.9758011153899
                                        }
                                    }
                                },
                                "workers": {
                                    "total": 0.6309982885140926,
                                    "count": 50972,
                                    "self": 0.0,
                                    "children": {
                                        "worker_root": {
                                            "total": 652.447458602488,
                                            "count": 50972,
                                            "is_parallel": true,
                                            "self": 318.9227672071429,
                                            "children": {
                                                "steps_from_proto": {
                                                    "total": 0.0005120000569149852,
                                                    "count": 1,
                                                    "is_parallel": true,