{
    "name": "root",
    "gauges": {
        "KartAgent.Policy.Entropy.mean": {
            "value": 0.7921654582023621,
            "min": 0.6405743360519409,
            "max": 1.1934300661087036,
            "count": 717
        },
        "KartAgent.Policy.Entropy.sum": {
            "value": 39584.5078125,
            "min": 32041.529296875,
            "max": 58792.6015625,
            "count": 717
        },
        "KartAgent.Step.mean": {
            "value": 76549974.0,
            "min": 40749970.0,
            "max": 76549974.0,
            "count": 717
        },
        "KartAgent.Step.sum": {
            "value": 76549974.0,
            "min": 40749970.0,
            "max": 76549974.0,
            "count": 717
        },
        "KartAgent.Policy.ExtrinsicValue.mean": {
            "value": 9.410133361816406,
            "min": -1.1803840398788452,
            "max": 20.412752151489258,
            "count": 717
        },
        "KartAgent.Policy.ExtrinsicValue.sum": {
            "value": 7678.6689453125,
            "min": -978.538330078125,
            "max": 17963.22265625,
            "count": 717
        },
        "KartAgent.Losses.PolicyLoss.mean": {
            "value": -9.824570482614881,
            "min": -20.625124032118176,
            "max": 1.1668208151664494,
            "count": 717
        },
        "KartAgent.Losses.PolicyLoss.sum": {
            "value": -98216.23111470096,
            "min": -206313.11569327812,
            "max": 11661.207226773495,
            "count": 717
        },
        "KartAgent.Losses.ValueLoss.mean": {
            "value": 0.004117151038158706,
            "min": 0.002617014370178614,
            "max": 33.456200407981484,
            "count": 717
        },
        "KartAgent.Losses.ValueLoss.sum": {
            "value": 41.15915892847258,
            "min": 26.191079816747568,
            "max": 334327.81067695894,
            "count": 717
        },
        "KartAgent.Losses.Q1Loss.mean": {
            "value": 0.023105460247031872,
            "min": 0.016888774836649103,
            "max": 28.962414013439535,
            "count": 717
        },
        "KartAgent.Losses.Q1Loss.sum": {
            "value": 230.9852860895776,
            "min": 168.71886061812452,
            "max": 289421.40323630127,
            "count": 717
        },
        "KartAgent.Losses.Q2Loss.mean": {
            "value": 0.023265591100370197,
            "min": 0.016831450126872722,
            "max": 30.17603006098318,
            "count": 717
        },
        "KartAgent.Losses.Q2Loss.sum": {
            "value": 232.58611423040085,
            "min": 168.1461867674585,
            "max": 301549.06839940493,
            "count": 717
        },
        "KartAgent.Policy.ContinuousEntropyCoeff.mean": {
            "value": 0.003028523428495783,
            "min": 0.0015959626444672812,
            "max": 0.2581076792887584,
            "count": 717
        },
        "KartAgent.Policy.ContinuousEntropyCoeff.sum": {
            "value": 30.276148714672345,
            "min": 15.946858743517074,
            "max": 1439.4665273934054,
            "count": 717
        },
        "KartAgent.Policy.LearningRate.mean": {
            "value": 7.042502844489198e-05,
            "min": 7.042502844489198e-05,
            "max": 0.00017779180249078626,
            "count": 717
        },
        "KartAgent.Policy.LearningRate.sum": {
            "value": 0.7040390093635851,
            "min": 0.7040390093635851,
            "max": 1.7772831295334264,
            "count": 717
        },
        "KartAgent.Environment.EpisodeLength.mean": {
            "value": 694.1527777777778,
            "min": 262.23204419889504,
            "max": 827.15,
            "count": 717
        },
        "KartAgent.Environment.EpisodeLength.sum": {
            "value": 49979.0,
            "min": 28910.0,
            "max": 53046.0,
            "count": 717
        },
        "KartAgent.Environment.CumulativeReward.mean": {
            "value": 106.88977780607011,
            "min": 1.8988042072037965,
            "max": 107.77751607480256,
            "count": 717
        },
        "KartAgent.Environment.CumulativeReward.sum": {
            "value": 7696.064002037048,
            "min": 343.6835615038872,
            "max": 8277.745317295194,
            "count": 717
        },
        "KartAgent.Policy.ExtrinsicReward.mean": {
            "value": 106.88977780607011,
            "min": 1.8988042072037965,
            "max": 107.77751607480256,
            "count": 717
        },
        "KartAgent.Policy.ExtrinsicReward.sum": {
            "value": 7696.064002037048,
            "min": 343.6835615038872,
            "max": 8277.745317295194,
            "count": 717
        },
        "KartAgent.IsTraining.mean": {
            "value": 1.0,
            "min": 1.0,
            "max": 1.0,
            "count": 717
        },
        "KartAgent.IsTraining.sum": {
            "value": 1.0,
            "min": 1.0,
            "max": 1.0,
            "count": 717
        }
    },
    "metadata": {
        "timer_format_version": "0.1.0",
        "start_time_seconds": "1749239403",
        "python_version": "3.10.12 | packaged by Anaconda, Inc. | (main, Jul  5 2023, 19:01:18) [MSC v.1916 64 bit (AMD64)]",
        "command_line_arguments": "C:\\Users\\princ\\anaconda3\\envs\\mlagents\\Scripts\\mlagents-learn .\\results\\kart-agents-sac-1.0\\configuration.yaml --resume",
        "mlagents_version": "1.1.0",
        "mlagents_envs_version": "1.1.0",
        "communication_protocol_version": "1.5.0",
        "pytorch_version": "2.7.0+cpu",
        "numpy_version": "1.23.5",
        "end_time_seconds": "1749575098"
    },
    "total": 335693.30095050007,
    "count": 1,
    "self": 0.010169200075324625,
    "children": {
        "run_training.setup": {
            "total": 0.1102256000158377,
            "count": 1,
            "self": 0.1102256000158377
        },
        "TrainerController.start_learning": {
            "total": 335693.1805557,
            "count": 1,
            "self": 72.24301315686898,
            "children": {
                "TrainerController._reset_env": {
                    "total": 7.196354499988956,
                    "count": 1,
                    "self": 7.196354499988956
                },
                "TrainerController.advance": {
                    "total": 335613.54618864314,
                    "count": 3627121,
                    "self": 63.563786951766815,
                    "children": {
                        "env_step": {
                            "total": 34732.03201564678,
                            "count": 3627121,
                            "self": 31199.748654776544,
                            "children": {
                                "SubprocessEnvManager._take_step": {
                                    "total": 3488.9238400772447,
                                    "count": 3627121,
                                    "self": 204.1950061590178,
                                    "children": {
                                        "TorchPolicy.evaluate": {
                                            "total": 3284.728833918227,
                                            "count": 3583855,
                                            "self": 3284.728833918227
                                        }
                                    }
                                },
                                "workers": {
                                    "total": 43.359520792990224,
                                    "count": 3627120,
                                    "self": 0.0,
                                    "children": {
                                        "worker_root": {
                                            "total": 335531.57626288035,
                                            "count": 3627120,