{
    "name": "root",
    "gauges": {
        "KartAgent.Policy.Entropy.mean": {
            "value": 1.07087242603302,
            "min": 1.0674488544464111,
            "max": 1.2535545825958252,
            "count": 950
        },
        "KartAgent.Policy.Entropy.sum": {
            "value": 10644.4716796875,
            "min": 802.2748413085938,
            "max": 12669.39453125,
            "count": 950
        },
        "KartAgent.IsTraining.mean": {
            "value": 1.0,
            "min": 1.0,
            "max": 1.0,
            "count": 950
        },
        "KartAgent.IsTraining.sum": {
            "value": 1.0,
            "min": 1.0,
            "max": 1.0,
            "count": 950
        },
        "KartAgent.Step.mean": {
            "value": 13989952.0,
            "min": 4509967.0,
            "max": 13989952.0,
            "count": 949
        },
        "KartAgent.Step.sum": {
            "value": 13989952.0,
            "min": 4509967.0,
            "max": 13989952.0,
            "count": 949
        },
        "KartAgent.Policy.ExtrinsicValueEstimate.mean": {
            "value": 10.675490379333496,
            "min": 9.317424774169922,
            "max": 11.77912425994873,
            "count": 949
        },
        "KartAgent.Policy.ExtrinsicValueEstimate.sum": {
            "value": 1718.75390625,
            "min": 1518.740234375,
            "max": 1919.9971923828125,
            "count": 949
        },
        "KartAgent.Environment.EpisodeLength.mean": {
            "value": 834.3333333333334,
            "min": 564.5,
            "max": 960.0,
            "count": 949
        },
        "KartAgent.Environment.EpisodeLength.sum": {
            "value": 10012.0,
            "min": 5385.0,
            "max": 12597.0,
            "count": 949
        },
        "KartAgent.Environment.CumulativeReward.mean": {
            "value": 105.0193012257417,
            "min": 58.40869902943572,
            "max": 106.47502867132425,
            "count": 949
        },
        "KartAgent.Environment.CumulativeReward.sum": {
            "value": 1260.2316147089005,
            "min": 559.9695997834206,
            "max": 1557.1903948932886,
            "count": 949
        },
        "KartAgent.Policy.ExtrinsicReward.mean": {
            "value": 105.0193012257417,
            "min": 58.40869902943572,
            "max": 106.47502867132425,
            "count": 949
        },
        "KartAgent.Policy.ExtrinsicReward.sum": {
            "value": 1260.2316147089005,
            "min": 559.9695997834206,
            "max": 1557.1903948932886,
            "count": 949
        },
        "KartAgent.Losses.PolicyLoss.mean": {
            "value": 0.017706962592928904,
            "min": 0.014488898532581515,
            "max": 0.020487025159527546,
            "count": 231
        },
        "KartAgent.Losses.PolicyLoss.sum": {
            "value": 0.017706962592928904,
            "min": 0.014488898532581515,
            "max": 0.020487025159527546,
            "count": 231
        },
        "KartAgent.Losses.ValueLoss.mean": {
            "value": 0.11384600698947907,
            "min": 0.06317743580788374,
            "max": 0.28724869892001154,
            "count": 231
        },
        "KartAgent.Losses.ValueLoss.sum": {
            "value": 0.11384600698947907,
            "min": 0.06317743580788374,
            "max": 0.28724869892001154,
            "count": 231
        },
        "KartAgent.Policy.LearningRate.mean": {
            "value": 0.0002999580902329699,
            "min": 0.0002999580902329699,
            "max": 0.00029998637719654084,
            "count": 231
        },
        "KartAgent.Policy.LearningRate.sum": {
            "value": 0.0002999580902329699,
            "min": 0.0002999580902329699,
            "max": 0.00029998637719654084,
            "count": 231
        },
        "KartAgent.Policy.Epsilon.mean": {
            "value": 0.09999999999999998,
            "min": 0.09999999999999998,
            "max": 0.09999999999999998,
            "count": 231
        },
        "KartAgent.Policy.Epsilon.sum": {
            "value": 0.09999999999999998,
            "min": 0.09999999999999998,
            "max": 0.09999999999999998,
            "count": 231
        },
        "KartAgent.Policy.Beta.mean": {
            "value": 0.0004999315473577002,
            "min": 0.0004999315473577002,
            "max": 0.0004999777494136,
            "count": 231
        },
        "KartAgent.Policy.Beta.sum": {
            "value": 0.0004999315473577002,
            "min": 0.0004999315473577002,
            "max": 0.0004999777494136,
            "count": 231
        }
    },
    "metadata": {
        "timer_format_version": "0.1.0",
        "start_time_seconds": "1748691342",
        "python_version": "3.10.12 | packaged by Anaconda, Inc. | (main, Jul  5 2023, 19:01:18) [MSC v.1916 64 bit (AMD64)]",
        "command_line_arguments": "C:\\Users\\princ\\anaconda3\\envs\\mlagents\\Scripts\\mlagents-learn .\\results\\kart-agents-1.5\\configuration.yaml --resume",
        "mlagents_version": "1.1.0",
        "mlagents_envs_version": "1.1.0",
        "communication_protocol_version": "1.5.0",
        "pytorch_version": "2.7.0+cpu",
        "numpy_version": "1.23.5",
        "end_time_seconds": "1748704868"
    },
    "total": 13525.8458975,
    "count": 1,
    "self": 0.012195400000564405,
    "children": {
        "run_training.setup": {
            "total": 0.1038340000000062,
            "count": 1,
            "self": 0.1038340000000062
        },
        "TrainerController.start_learning": {
            "total": 13525.7298681,
            "count": 1,
            "self": 23.015605400181812,
            "children": {
                "TrainerController._reset_env": {
                    "total": 7.032181900000069,
                    "count": 1,
                    "self": 7.032181900000069
                },
                "TrainerController.advance": {
                    "total": 13495.575045999818,
                    "count": 958736,
                    "self": 17.520706599498226,
                    "children": {
                        "env_step": {
                            "total": 10131.260210300534,
                            "count": 958736,
                            "self": 9227.721949001281,
                            "children": {
                                "SubprocessEnvManager._take_step": {
                                    "total": 889.0135444991984,
                                    "count": 958736,
                                    "self": 62.437281798706294,
                                    "children": {
                                        "TorchPolicy.evaluate": {
                                            "total": 826.5762627004921,
                                            "count": 949848,
                                            "self": 826.5762627004921
                                        }
                                    }
                                },
                                "workers": {
                                    "total": 14.52471680005442,
                                    "count": 958735,
                                    "self": 0.0,
                                    "children": {
                                        "worker_root": {
                                            "total": 13428.780173300469,
                                            "count": 958735,
                                            "is_parallel": true,
                                            "self": 5451.535989000347,
                                            "children": {
                                                "steps_from_proto": {
                                                    "total": 0.0039204999999356005,
                                                    "count": 1,