{
    "name": "root",
    "gauges": {
        "KartAgent.Policy.Entropy.mean": {
            "value": 1.3706793785095215,
            "min": 1.3681442737579346,
            "max": 1.3791829347610474,
            "count": 23
        },
        "KartAgent.Policy.Entropy.sum": {
            "value": 68424.3125,
            "min": 35858.7578125,
            "max": 68841.171875,
            "count": 23
        },
        "KartAgent.Step.mean": {
            "value": 9499946.0,
            "min": 8399943.0,
            "max": 9499946.0,
            "count": 23
        },
        "KartAgent.Step.sum": {
            "value": 9499946.0,
            "min": 8399943.0,
            "max": 9499946.0,
            "count": 23
        },
        "KartAgent.Policy.ExtrinsicValueEstimate.mean": {
            "value": 2.9214060306549072,
            "min": 2.2443881034851074,
            "max": 4.300596714019775,
            "count": 23
        },
        "KartAgent.Policy.ExtrinsicValueEstimate.sum": {
            "value": 2489.037841796875,
            "min": 1771.8458251953125,
            "max": 2623.078125,
            "count": 23
        },
        "KartAgent.Environment.EpisodeLength.mean": {
            "value": 381.7,
            "min": 337.3916083916084,
            "max": 528.6153846153846,
            "count": 23
        },
        "KartAgent.Environment.EpisodeLength.sum": {
            "value": 49621.0,
            "min": 20616.0,
            "max": 52424.0,
            "count": 23
        },
        "KartAgent.Environment.CumulativeReward.mean": {
            "value": 15.939339626874201,
            "min": 11.755136998721978,
            "max": 31.411473657076176,
            "count": 23
        },
        "KartAgent.Environment.CumulativeReward.sum": {
            "value": 2072.114151493646,
            "min": 1225.0474726259708,
            "max": 2160.380023662001,
            "count": 23
        },
        "KartAgent.Policy.ExtrinsicReward.mean": {
            "value": 15.939339626874201,
            "min": 11.755136998721978,
            "max": 31.411473657076176,
            "count": 23
        },
        "KartAgent.Policy.ExtrinsicReward.sum": {
            "value": 2072.114151493646,
            "min": 1225.0474726259708,
            "max": 2160.380023662001,
            "count": 23
        },
        "KartAgent.Losses.PolicyLoss.mean": {
            "value": 0.024376229026335447,
            "min": 0.02041073215640305,
            "max": 0.02576390106522013,
            "count": 23
        },
        "KartAgent.Losses.PolicyLoss.sum": {
            "value": 0.12188114513167723,
            "min": 0.0411655452742707,
            "max": 0.12881950532610065,
            "count": 23
        },
        "KartAgent.Losses.ValueLoss.mean": {
            "value": 0.19365249678492547,
            "min": 0.1562170811618368,
            "max": 0.4475604252020518,
            "count": 23
        },
        "KartAgent.Losses.ValueLoss.sum": {
            "value": 0.9682624839246273,
            "min": 0.6026688441634178,
            "max": 2.237802126010259,
            "count": 23
        },
        "KartAgent.Policy.LearningRate.mean": {
            "value": 0.0002715770272743274,
            "min": 0.0002715770272743274,
            "max": 0.000274829489390173,
            "count": 23
        },
        "KartAgent.Policy.LearningRate.sum": {
            "value": 0.001357885136371637,
            "min": 0.000549658978780346,
            "max": 0.001373608608130478,
            "count": 23
        },
        "KartAgent.Policy.Epsilon.mean": {
            "value": 0.1905256726,
            "min": 0.1905256726,
            "max": 0.19160982699999995,
            "count": 23
        },
        "KartAgent.Policy.Epsilon.sum": {
            "value": 0.952628363,
            "min": 0.3832196539999999,
            "max": 0.9578695220000001,
            "count": 23
        },
        "KartAgent.Policy.Beta.mean": {
            "value": 0.00452723106274,
            "min": 0.00452723106274,
            "max": 0.004581330367299999,
            "count": 23
        },
        "KartAgent.Policy.Beta.sum": {
            "value": 0.0226361553137,
            "min": 0.009162660734599998,
            "max": 0.0228976891478,
            "count": 23
        },
        "KartAgent.IsTraining.mean": {
            "value": 1.0,
            "min": 1.0,
            "max": 1.0,
            "count": 23
        },
        "KartAgent.IsTraining.sum": {
            "value": 1.0,
            "min": 1.0,
            "max": 1.0,
            "count": 23
        }
    },
    "metadata": {
        "timer_format_version": "0.1.0",
        "start_time_seconds": "1747048971",
        "python_version": "3.10.12 | packaged by Anaconda, Inc. | (main, Jul  5 2023, 19:01:18) [MSC v.1916 64 bit (AMD64)]",
        "command_line_arguments": "C:\\Users\\princ\\anaconda3\\envs\\mlagents\\Scripts\\mlagents-learn .\\results\\kart-agents-1.0\\configuration.yaml --resume",
        "mlagents_version": "1.1.0",
        "mlagents_envs_version": "1.1.0",
        "communication_protocol_version": "1.5.0",
        "pytorch_version": "2.2.2+cu121",
        "numpy_version": "1.23.5",
        "end_time_seconds": "1747050762"
    },
    "total": 1790.6597817000002,
    "count": 1,
    "self": 0.00699030002579093,
    "children": {
        "run_training.setup": {
            "total": 0.11678889999166131,
            "count": 1,
            "self": 0.11678889999166131
        },
        "TrainerController.start_learning": {
            "total": 1790.5360024999827,
            "count": 1,
            "self": 2.287315474706702,
            "children": {
                "TrainerController._reset_env": {
                    "total": 33.16550789994653,
                    "count": 1,
                    "self": 33.16550789994653
                },
                "TrainerController.advance": {
                    "total": 1755.0132447252981,
                    "count": 117037,
                    "self": 2.046383418375626,
                    "children": {
                        "env_step": {
                            "total": 1459.0404554159613,
                            "count": 117037,
                            "self": 1168.0587817080086,
                            "children": {
                                "SubprocessEnvManager._take_step": {
                                    "total": 289.48627019755077,
                                    "count": 117038,
                                    "self": 8.288178310962394,
                                    "children": {
                                        "TorchPolicy.evaluate": {
                                            "total": 281.1980918865884,
                                            "count": 114145,
                                            "self": 281.1980918865884
                                        }
                                    }
                                },
                                "workers": {
                                    "total": 1.4954035104019567,
                                    "count": 117036,
                                    "self": 0.0,
                                    "children": {
                                        "worker_root": {
                                            "total": 1706.8863186043454,
                                            "count": 117036,
                                            "is_parallel": true,
                                            "self": 719.6838390938938,
                                            "children": {
                                                "steps_from_proto": {
                                                    "total": 0.0025948999682441354,
                                                    "count": 2,
                                                    "is_parallel": true,