{
    "name": "root",
    "gauges": {
        "KartAgent.Policy.Entropy.mean": {
            "value": 1.4089887142181396,
            "min": 1.4089887142181396,
            "max": 1.4189382791519165,
            "count": 18
        },
        "KartAgent.Policy.Entropy.sum": {
            "value": 14025.07421875,
            "min": 14025.07421875,
            "max": 14532.765625,
            "count": 18
        },
        "KartAgent.Step.mean": {
            "value": 179995.0,
            "min": 9954.0,
            "max": 179995.0,
            "count": 18
        },
        "KartAgent.Step.sum": {
            "value": 179995.0,
            "min": 9954.0,
            "max": 179995.0,
            "count": 18
        },
        "KartAgent.Policy.ExtrinsicValueEstimate.mean": {
            "value": -0.051968708634376526,
            "min": -0.23744888603687286,
            "max": 0.02506709098815918,
            "count": 18
        },
        "KartAgent.Policy.ExtrinsicValueEstimate.sum": {
            "value": -9.56224250793457,
            "min": -44.16549301147461,
            "max": 4.762747287750244,
            "count": 18
        },
        "KartAgent.Environment.EpisodeLength.mean": {
            "value": 204.3265306122449,
            "min": 158.1969696969697,
            "max": 204.3265306122449,
            "count": 18
        },
        "KartAgent.Environment.EpisodeLength.sum": {
            "value": 10012.0,
            "min": 9388.0,
            "max": 10441.0,
            "count": 18
        },
        "KartAgent.Environment.CumulativeReward.mean": {
            "value": 0.662547189362195,
            "min": -0.8153317963320111,
            "max": 0.662547189362195,
            "count": 18
        },
        "KartAgent.Environment.CumulativeReward.sum": {
            "value": 32.46481227874756,
            "min": -51.3659031689167,
            "max": 32.46481227874756,
            "count": 18
        },
        "KartAgent.Policy.ExtrinsicReward.mean": {
            "value": 0.662547189362195,
            "min": -0.8153317963320111,
            "max": 0.662547189362195,
            "count": 18
        },
        "KartAgent.Policy.ExtrinsicReward.sum": {
            "value": 32.46481227874756,
            "min": -51.3659031689167,
            "max": 32.46481227874756,
            "count": 18
        },
        "KartAgent.IsTraining.mean": {
            "value": 1.0,
            "min": 1.0,
            "max": 1.0,
            "count": 18
        },
        "KartAgent.IsTraining.sum": {
            "value": 1.0,
            "min": 1.0,
            "max": 1.0,
            "count": 18
        },
        "KartAgent.Losses.PolicyLoss.mean": {
            "value": 0.0255015126633225,
            "min": 0.02123985633807024,
            "max": 0.026924749611741086,
            "count": 8
        },
        "KartAgent.Losses.PolicyLoss.sum": {
            "value": 0.0255015126633225,
            "min": 0.02123985633807024,
            "max": 0.026924749611741086,
            "count": 8
        },
        "KartAgent.Losses.ValueLoss.mean": {
            "value": 0.056537927873432633,
            "min": 0.04742968038966258,
            "max": 0.07475700074185927,
            "count": 8
        },
        "KartAgent.Losses.ValueLoss.sum": {
            "value": 0.056537927873432633,
            "min": 0.04742968038966258,
            "max": 0.07475700074185927,
            "count": 8
        },
        "KartAgent.Policy.LearningRate.mean": {
            "value": 0.000299507601164133,
            "min": 0.000299507601164133,
            "max": 0.000299938422020526,
            "count": 8
        },
        "KartAgent.Policy.LearningRate.sum": {
            "value": 0.000299507601164133,
            "min": 0.000299507601164133,
            "max": 0.000299938422020526,
            "count": 8
        },
        "KartAgent.Policy.Epsilon.mean": {
            "value": 0.09999999999999996,
            "min": 0.09999999999999996,
            "max": 0.09999999999999996,
            "count": 8
        },
        "KartAgent.Policy.Epsilon.sum": {
            "value": 0.09999999999999996,
            "min": 0.09999999999999996,
            "max": 0.09999999999999996,
            "count": 8
        },
        "KartAgent.Policy.Beta.mean": {
            "value": 0.0009983750833,
            "min": 0.0009983750833,
            "max": 0.0009997967925999998,
            "count": 8
        },
        "KartAgent.Policy.Beta.sum": {
            "value": 0.0009983750833,
            "min": 0.0009983750833,
            "max": 0.0009997967925999998,
            "count": 8
        }
    },
    "metadata": {
        "timer_format_version": "0.1.0",
        "start_time_seconds": "1747152499",
        "python_version": "3.10.12 | packaged by Anaconda, Inc. | (main, Jul  5 2023, 19:01:18) [MSC v.1916 64 bit (AMD64)]",
        "command_line_arguments": "C:\\Users\\princ\\anaconda3\\envs\\mlagents\\Scripts\\mlagents-learn .\\results\\kart-agents-1.3\\configuration.yaml --force",
        "mlagents_version": "1.1.0",
        "mlagents_envs_version": "1.1.0",
        "communication_protocol_version": "1.5.0",
        "pytorch_version": "2.2.2+cu121",
        "numpy_version": "1.23.5",
        "end_time_seconds": "1747152855"
    },
    "total": 356.3837666999316,
    "count": 1,
    "self": 0.004792299936525524,
    "children": {
        "run_training.setup": {
            "total": 0.08931399998255074,
            "count": 1,
            "self": 0.08931399998255074
        },
        "TrainerController.start_learning": {
            "total": 356.2896604000125,
            "count": 1,
            "self": 0.47226820152718574,
            "children": {
                "TrainerController._reset_env": {
                    "total": 7.052637199987657,
                    "count": 1,
                    "self": 7.052637199987657
                },
                "TrainerController.advance": {
                    "total": 348.5767410985427,
                    "count": 21996,
                    "self": 0.3633517037378624,
                    "children": {
                        "env_step": {
                            "total": 287.0251844978193,
                            "count": 21996,
                            "self": 230.57209048839286,
                            "children": {
                                "SubprocessEnvManager._take_step": {
                                    "total": 56.1538373013027,
                                    "count": 21996,
                                    "self": 1.3084536992246285,
                                    "children": {
                                        "TorchPolicy.evaluate": {
                                            "total": 54.84538360207807,
                                            "count": 21001,
                                            "self": 54.84538360207807
                                        }
                                    }
                                },
                                "workers": {
                                    "total": 0.2992567081237212,
                                    "count": 21995,
                                    "self": 0.0,
                                    "children": {
                                        "worker_root": {
                                            "total": 286.93641899793874,
                                            "count": 21995,
                                            "is_parallel": true,
                                            "self": 144.1748289016541,
                                            "children": {
                                                "steps_from_proto": {
                                                    "total": 0.0017620999133214355,
                                                    "count": 1,
                                                    "is_parallel": true,