{
    "name": "root",
    "gauges": {
        "KartAgent.Policy.Entropy.mean": {
            "value": 0.47974705696105957,
            "min": 0.47974705696105957,
            "max": 1.418938398361206,
            "count": 8496
        },
        "KartAgent.Policy.Entropy.sum": {
            "value": 4739.90087890625,
            "min": 4739.90087890625,
            "max": 14416.4130859375,
            "count": 8496
        },
        "KartAgent.Step.mean": {
            "value": 84959940.0,
            "min": 9948.0,
            "max": 84959940.0,
            "count": 8496
        },
        "KartAgent.Step.sum": {
            "value": 84959940.0,
            "min": 9948.0,
            "max": 84959940.0,
            "count": 8496
        },
        "KartAgent.Policy.ExtrinsicValueEstimate.mean": {
            "value": 16.273256301879883,
            "min": -0.23930221796035767,
            "max": 16.849393844604492,
            "count": 8496
        },
        "KartAgent.Policy.ExtrinsicValueEstimate.sum": {
            "value": 2652.540771484375,
            "min": -45.46742248535156,
            "max": 2706.638671875,
            "count": 8496
        },
        "KartAgent.Environment.EpisodeLength.mean": {
            "value": 564.8235294117648,
            "min": 156.02857142857144,
            "max": 1317.75,
            "count": 8496
        },
        "KartAgent.Environment.EpisodeLength.sum": {
            "value": 9602.0,
            "min": 5244.0,
            "max": 14034.0,
            "count": 8496
        },
        "KartAgent.Environment.CumulativeReward.mean": {
            "value": 107.74740221921135,
            "min": -0.6932022941609224,
            "max": 110.84925933678944,
            "count": 8496
        },
        "KartAgent.Environment.CumulativeReward.sum": {
            "value": 1831.705837726593,
            "min": -42.63108951598406,
            "max": 2178.5744585990906,
            "count": 8496
        },
        "KartAgent.Policy.ExtrinsicReward.mean": {
            "value": 107.74740221921135,
            "min": -0.6932022941609224,
            "max": 110.84925933678944,
            "count": 8496
        },
        "KartAgent.Policy.ExtrinsicReward.sum": {
            "value": 1831.705837726593,
            "min": -42.63108951598406,
            "max": 2178.5744585990906,
            "count": 8496
        },
        "KartAgent.IsTraining.mean": {
            "value": 1.0,
            "min": 1.0,
            "max": 1.0,
            "count": 8496
        },
        "KartAgent.IsTraining.sum": {
            "value": 1.0,
            "min": 1.0,
            "max": 1.0,
            "count": 8496
        },
        "KartAgent.Losses.PolicyLoss.mean": {
            "value": 0.021835377233037433,
            "min": 0.017263748635499118,
            "max": 0.03857377760965998,
            "count": 4141
        },
        "KartAgent.Losses.PolicyLoss.sum": {
            "value": 0.021835377233037433,
            "min": 0.017263748635499118,
            "max": 0.03857377760965998,
            "count": 4141
        },
        "KartAgent.Losses.ValueLoss.mean": {
            "value": 0.057178209722042087,
            "min": 0.03584464049587647,
            "max": 0.6463879451155663,
            "count": 4141
        },
        "KartAgent.Losses.ValueLoss.sum": {
            "value": 0.057178209722042087,
            "min": 0.03584464049587647,
            "max": 0.6463879451155663,
            "count": 4141
        },
        "KartAgent.Policy.LearningRate.mean": {
            "value": 4.5125976958036e-05,
            "min": 4.5125976958036e-05,
            "max": 0.00029992670402443196,
            "count": 4141
        },
        "KartAgent.Policy.LearningRate.sum": {
            "value": 4.5125976958036e-05,
            "min": 4.5125976958036e-05,
            "max": 0.00029992670402443196,
            "count": 4141
        },
        "KartAgent.Policy.Epsilon.mean": {
            "value": 0.09999999999999996,
            "min": 0.09999999999999996,
            "max": 0.09999999999999996,
            "count": 4141
        },
        "KartAgent.Policy.Epsilon.sum": {
            "value": 0.09999999999999996,
            "min": 0.09999999999999996,
            "max": 0.09999999999999996,
            "count": 4141
        },
        "KartAgent.Policy.Beta.mean": {
            "value": 0.00015891544359999995,
            "min": 0.00015891544359999995,
            "max": 0.0009997581232000002,
            "count": 4141
        },
        "KartAgent.Policy.Beta.sum": {
            "value": 0.00015891544359999995,
            "min": 0.00015891544359999995,
            "max": 0.0009997581232000002,
            "count": 4141
        }
    },
    "metadata": {
        "timer_format_version": "0.1.0",
        "start_time_seconds": "1747654960",
        "python_version": "3.10.12 | packaged by Anaconda, Inc. | (main, Jul  5 2023, 19:01:18) [MSC v.1916 64 bit (AMD64)]",
        "command_line_arguments": "C:\\Users\\princ\\anaconda3\\envs\\mlagents\\Scripts\\mlagents-learn .\\results\\kart-agents-1.3\\configuration.yaml --force",
        "mlagents_version": "1.1.0",
        "mlagents_envs_version": "1.1.0",
        "communication_protocol_version": "1.5.0",
        "pytorch_version": "2.7.0+cpu",
        "numpy_version": "1.23.5",
        "end_time_seconds": "1747757550"
    },
    "total": 102589.4126096,
    "count": 1,
    "self": 0.007121899980120361,
    "children": {
        "run_training.setup": {
            "total": 0.1450920000206679,
            "count": 1,
            "self": 0.1450920000206679
        },
        "TrainerController.start_learning": {
            "total": 102589.2603957,
            "count": 1,
            "self": 219.72241800074698,
            "children": {
                "TrainerController._reset_env": {
                    "total": 12.91278080001939,
                    "count": 1,
                    "self": 12.91278080001939
                },
                "TrainerController.advance": {
                    "total": 102356.52716089925,
                    "count": 8612394,
                    "self": 184.26677799032768,
                    "children": {
                        "env_step": {
                            "total": 70824.0454491211,
                            "count": 8612394,
                            "self": 61567.3278137435,
                            "children": {
                                "SubprocessEnvManager._take_step": {
                                    "total": 9119.16801445908,
                                    "count": 8612394,
                                    "self": 644.325776766229,
                                    "children": {
                                        "TorchPolicy.evaluate": {
                                            "total": 8474.84223769285,
                                            "count": 8496230,
                                            "self": 8474.84223769285
                                        }
                                    }
                                },
                                "workers": {
                                    "total": 137.54962091852212,
                                    "count": 8612393,
                                    "self": 0.0,
                                    "children": {
                                        "worker_root": {
                                            "total": 102252.52754858759,
                                            "count": 8612393,
                                            "is_parallel": true,
                                            "self": 52498.24850223359,
                                            "children": {
                                                "steps_from_proto": {
                                                    "total": 0.0005432000034488738,
                                                    "count": 1,